<?xml version="1.0" ?>
<template encoding-version="1.1">
  <description></description>
  <groupId>b9fb7c2f-015b-1000-d2d7-db914ac516f2</groupId>
  <name>standard-ingest</name>
  <snippet>
    <connections>
      <id>96c88753-bc29-36ce-0000-000000000000</id>
      <parentGroupId>294606e9-b1ac-3caa-0000-000000000000</parentGroupId>
      <backPressureDataSizeThreshold>1 GB</backPressureDataSizeThreshold>
      <backPressureObjectThreshold>10000</backPressureObjectThreshold>
      <destination>
        <groupId>294606e9-b1ac-3caa-0000-000000000000</groupId>
        <id>49acdf42-d463-3a12-0000-000000000000</id>
        <type>PROCESSOR</type>
      </destination>
      <flowFileExpiration>0 sec</flowFileExpiration>
      <labelIndex>1</labelIndex>
      <name></name>
      <selectedRelationships>failure</selectedRelationships>
      <source>
        <groupId>294606e9-b1ac-3caa-0000-000000000000</groupId>
        <id>63982fb2-d699-3b1d-0000-000000000000</id>
        <type>PROCESSOR</type>
      </source>
      <zIndex>0</zIndex>
    </connections>
    <connections>
      <id>9e98f1ae-82d0-3920-0000-000000000000</id>
      <parentGroupId>294606e9-b1ac-3caa-0000-000000000000</parentGroupId>
      <backPressureDataSizeThreshold>0 MB</backPressureDataSizeThreshold>
      <backPressureObjectThreshold>0</backPressureObjectThreshold>
      <destination>
        <groupId>294606e9-b1ac-3caa-0000-000000000000</groupId>
        <id>fc6ea7dc-806b-3c91-0000-000000000000</id>
        <type>PROCESSOR</type>
      </destination>
      <flowFileExpiration>0 sec</flowFileExpiration>
      <labelIndex>1</labelIndex>
      <name></name>
      <selectedRelationships>success</selectedRelationships>
      <source>
        <groupId>294606e9-b1ac-3caa-0000-000000000000</groupId>
        <id>9373cb18-f8dc-3ce2-0000-000000000000</id>
        <type>PROCESSOR</type>
      </source>
      <zIndex>0</zIndex>
    </connections>
    <connections>
      <id>abc18ee7-5fd8-389f-0000-000000000000</id>
      <parentGroupId>294606e9-b1ac-3caa-0000-000000000000</parentGroupId>
      <backPressureDataSizeThreshold>0 MB</backPressureDataSizeThreshold>
      <backPressureObjectThreshold>0</backPressureObjectThreshold>
      <destination>
        <groupId>294606e9-b1ac-3caa-0000-000000000000</groupId>
        <id>49acdf42-d463-3a12-0000-000000000000</id>
        <type>PROCESSOR</type>
      </destination>
      <flowFileExpiration>0 sec</flowFileExpiration>
      <labelIndex>1</labelIndex>
      <name></name>
      <selectedRelationships>failure</selectedRelationships>
      <source>
        <groupId>294606e9-b1ac-3caa-0000-000000000000</groupId>
        <id>ec8437d8-65a4-36f2-0000-000000000000</id>
        <type>PROCESSOR</type>
      </source>
      <zIndex>0</zIndex>
    </connections>
    <connections>
      <id>bf846b57-8f61-3447-0000-000000000000</id>
      <parentGroupId>294606e9-b1ac-3caa-0000-000000000000</parentGroupId>
      <backPressureDataSizeThreshold>0 MB</backPressureDataSizeThreshold>
      <backPressureObjectThreshold>0</backPressureObjectThreshold>
      <destination>
        <groupId>294606e9-b1ac-3caa-0000-000000000000</groupId>
        <id>2cf460f5-7319-30a6-0000-000000000000</id>
        <type>PROCESSOR</type>
      </destination>
      <flowFileExpiration>0 sec</flowFileExpiration>
      <labelIndex>1</labelIndex>
      <name></name>
      <selectedRelationships>failure</selectedRelationships>
      <source>
        <groupId>294606e9-b1ac-3caa-0000-000000000000</groupId>
        <id>33a115df-87bb-31ce-0000-000000000000</id>
        <type>PROCESSOR</type>
      </source>
      <zIndex>0</zIndex>
    </connections>
    <connections>
      <id>c74cf2c7-574f-36e7-0000-000000000000</id>
      <parentGroupId>294606e9-b1ac-3caa-0000-000000000000</parentGroupId>
      <backPressureDataSizeThreshold>1 GB</backPressureDataSizeThreshold>
      <backPressureObjectThreshold>10000</backPressureObjectThreshold>
      <destination>
        <groupId>294606e9-b1ac-3caa-0000-000000000000</groupId>
        <id>df24503c-0f38-36b6-0000-000000000000</id>
        <type>PROCESSOR</type>
      </destination>
      <flowFileExpiration>0 sec</flowFileExpiration>
      <labelIndex>1</labelIndex>
      <name></name>
      <selectedRelationships>failure</selectedRelationships>
      <source>
        <groupId>294606e9-b1ac-3caa-0000-000000000000</groupId>
        <id>69a23f7f-a11f-3d11-0000-000000000000</id>
        <type>PROCESSOR</type>
      </source>
      <zIndex>0</zIndex>
    </connections>
    <connections>
      <id>e111e4d2-3da7-3fdf-0000-000000000000</id>
      <parentGroupId>294606e9-b1ac-3caa-0000-000000000000</parentGroupId>
      <backPressureDataSizeThreshold>0 MB</backPressureDataSizeThreshold>
      <backPressureObjectThreshold>0</backPressureObjectThreshold>
      <destination>
        <groupId>294606e9-b1ac-3caa-0000-000000000000</groupId>
        <id>49acdf42-d463-3a12-0000-000000000000</id>
        <type>PROCESSOR</type>
      </destination>
      <flowFileExpiration>0 sec</flowFileExpiration>
      <labelIndex>1</labelIndex>
      <name></name>
      <selectedRelationships>failure</selectedRelationships>
      <source>
        <groupId>294606e9-b1ac-3caa-0000-000000000000</groupId>
        <id>bcffec8c-7554-3428-0000-000000000000</id>
        <type>PROCESSOR</type>
      </source>
      <zIndex>0</zIndex>
    </connections>
    <connections>
      <id>f16b0df5-ab32-3799-0000-000000000000</id>
      <parentGroupId>294606e9-b1ac-3caa-0000-000000000000</parentGroupId>
      <backPressureDataSizeThreshold>1 GB</backPressureDataSizeThreshold>
      <backPressureObjectThreshold>10000</backPressureObjectThreshold>
      <destination>
        <groupId>294606e9-b1ac-3caa-0000-000000000000</groupId>
        <id>ec8437d8-65a4-36f2-0000-000000000000</id>
        <type>PROCESSOR</type>
      </destination>
      <flowFileExpiration>0 sec</flowFileExpiration>
      <labelIndex>1</labelIndex>
      <name></name>
      <selectedRelationships>success</selectedRelationships>
      <source>
        <groupId>294606e9-b1ac-3caa-0000-000000000000</groupId>
        <id>effeebe3-53ec-3026-0000-000000000000</id>
        <type>PROCESSOR</type>
      </source>
      <zIndex>0</zIndex>
    </connections>
    <connections>
      <id>f18b2a08-93bd-3830-0000-000000000000</id>
      <parentGroupId>294606e9-b1ac-3caa-0000-000000000000</parentGroupId>
      <backPressureDataSizeThreshold>1 GB</backPressureDataSizeThreshold>
      <backPressureObjectThreshold>10000</backPressureObjectThreshold>
      <destination>
        <groupId>294606e9-b1ac-3caa-0000-000000000000</groupId>
        <id>49acdf42-d463-3a12-0000-000000000000</id>
        <type>PROCESSOR</type>
      </destination>
      <flowFileExpiration>0 sec</flowFileExpiration>
      <labelIndex>1</labelIndex>
      <name></name>
      <selectedRelationships>failure</selectedRelationships>
      <source>
        <groupId>294606e9-b1ac-3caa-0000-000000000000</groupId>
        <id>effeebe3-53ec-3026-0000-000000000000</id>
        <type>PROCESSOR</type>
      </source>
      <zIndex>0</zIndex>
    </connections>
    <connections>
      <id>f39ae4b4-3eba-3baa-0000-000000000000</id>
      <parentGroupId>294606e9-b1ac-3caa-0000-000000000000</parentGroupId>
      <backPressureDataSizeThreshold>1 GB</backPressureDataSizeThreshold>
      <backPressureObjectThreshold>10000</backPressureObjectThreshold>
      <destination>
        <groupId>294606e9-b1ac-3caa-0000-000000000000</groupId>
        <id>4ba99096-db75-3cd1-0000-000000000000</id>
        <type>PROCESSOR</type>
      </destination>
      <flowFileExpiration>0 sec</flowFileExpiration>
      <labelIndex>1</labelIndex>
      <name></name>
      <selectedRelationships>success</selectedRelationships>
      <source>
        <groupId>294606e9-b1ac-3caa-0000-000000000000</groupId>
        <id>69a23f7f-a11f-3d11-0000-000000000000</id>
        <type>PROCESSOR</type>
      </source>
      <zIndex>0</zIndex>
    </connections>
    <connections>
      <id>feba85e1-9635-384e-0000-000000000000</id>
      <parentGroupId>294606e9-b1ac-3caa-0000-000000000000</parentGroupId>
      <backPressureDataSizeThreshold>0 MB</backPressureDataSizeThreshold>
      <backPressureObjectThreshold>0</backPressureObjectThreshold>
      <destination>
        <groupId>294606e9-b1ac-3caa-0000-000000000000</groupId>
        <id>49acdf42-d463-3a12-0000-000000000000</id>
        <type>PROCESSOR</type>
      </destination>
      <flowFileExpiration>0 sec</flowFileExpiration>
      <labelIndex>1</labelIndex>
      <name></name>
      <selectedRelationships>failure</selectedRelationships>
      <source>
        <groupId>294606e9-b1ac-3caa-0000-000000000000</groupId>
        <id>32219a5e-3949-3565-0000-000000000000</id>
        <type>PROCESSOR</type>
      </source>
      <zIndex>0</zIndex>
    </connections>
    <connections>
      <id>1627032b-070d-3596-0000-000000000000</id>
      <parentGroupId>294606e9-b1ac-3caa-0000-000000000000</parentGroupId>
      <backPressureDataSizeThreshold>0 MB</backPressureDataSizeThreshold>
      <backPressureObjectThreshold>0</backPressureObjectThreshold>
      <destination>
        <groupId>294606e9-b1ac-3caa-0000-000000000000</groupId>
        <id>0c88e46d-9d8d-37b4-0000-000000000000</id>
        <type>PROCESSOR</type>
      </destination>
      <flowFileExpiration>0 sec</flowFileExpiration>
      <labelIndex>1</labelIndex>
      <name></name>
      <selectedRelationships>success</selectedRelationships>
      <source>
        <groupId>294606e9-b1ac-3caa-0000-000000000000</groupId>
        <id>e11ae0fe-0eeb-3e6f-0000-000000000000</id>
        <type>PROCESSOR</type>
      </source>
      <zIndex>0</zIndex>
    </connections>
    <connections>
      <id>1e56f0fa-ef39-3b8f-0000-000000000000</id>
      <parentGroupId>294606e9-b1ac-3caa-0000-000000000000</parentGroupId>
      <backPressureDataSizeThreshold>0 MB</backPressureDataSizeThreshold>
      <backPressureObjectThreshold>0</backPressureObjectThreshold>
      <destination>
        <groupId>294606e9-b1ac-3caa-0000-000000000000</groupId>
        <id>cfe1b9d8-0c88-30de-0000-000000000000</id>
        <type>PROCESSOR</type>
      </destination>
      <flowFileExpiration>0 sec</flowFileExpiration>
      <labelIndex>1</labelIndex>
      <name></name>
      <selectedRelationships>merged</selectedRelationships>
      <source>
        <groupId>294606e9-b1ac-3caa-0000-000000000000</groupId>
        <id>32219a5e-3949-3565-0000-000000000000</id>
        <type>PROCESSOR</type>
      </source>
      <zIndex>0</zIndex>
    </connections>
    <connections>
      <id>24055aab-4339-3797-0000-000000000000</id>
      <parentGroupId>294606e9-b1ac-3caa-0000-000000000000</parentGroupId>
      <backPressureDataSizeThreshold>1 GB</backPressureDataSizeThreshold>
      <backPressureObjectThreshold>10000</backPressureObjectThreshold>
      <destination>
        <groupId>294606e9-b1ac-3caa-0000-000000000000</groupId>
        <id>63982fb2-d699-3b1d-0000-000000000000</id>
        <type>PROCESSOR</type>
      </destination>
      <flowFileExpiration>0 sec</flowFileExpiration>
      <labelIndex>1</labelIndex>
      <name></name>
      <selectedRelationships>success</selectedRelationships>
      <source>
        <groupId>294606e9-b1ac-3caa-0000-000000000000</groupId>
        <id>ec8437d8-65a4-36f2-0000-000000000000</id>
        <type>PROCESSOR</type>
      </source>
      <zIndex>0</zIndex>
    </connections>
    <connections>
      <id>35e5531b-a1cb-3014-0000-000000000000</id>
      <parentGroupId>294606e9-b1ac-3caa-0000-000000000000</parentGroupId>
      <backPressureDataSizeThreshold>1 GB</backPressureDataSizeThreshold>
      <backPressureObjectThreshold>10000</backPressureObjectThreshold>
      <destination>
        <groupId>294606e9-b1ac-3caa-0000-000000000000</groupId>
        <id>69a23f7f-a11f-3d11-0000-000000000000</id>
        <type>PROCESSOR</type>
      </destination>
      <flowFileExpiration>0 sec</flowFileExpiration>
      <labelIndex>1</labelIndex>
      <name></name>
      <selectedRelationships>Initialize</selectedRelationships>
      <source>
        <groupId>294606e9-b1ac-3caa-0000-000000000000</groupId>
        <id>bcffec8c-7554-3428-0000-000000000000</id>
        <type>PROCESSOR</type>
      </source>
      <zIndex>0</zIndex>
    </connections>
    <connections>
      <id>428e3ab3-9132-3afd-0000-000000000000</id>
      <parentGroupId>294606e9-b1ac-3caa-0000-000000000000</parentGroupId>
      <backPressureDataSizeThreshold>1 GB</backPressureDataSizeThreshold>
      <backPressureObjectThreshold>10000</backPressureObjectThreshold>
      <destination>
        <groupId>294606e9-b1ac-3caa-0000-000000000000</groupId>
        <id>effeebe3-53ec-3026-0000-000000000000</id>
        <type>PROCESSOR</type>
      </destination>
      <flowFileExpiration>0 sec</flowFileExpiration>
      <labelIndex>1</labelIndex>
      <name></name>
      <selectedRelationships>success</selectedRelationships>
      <source>
        <groupId>294606e9-b1ac-3caa-0000-000000000000</groupId>
        <id>bcffec8c-7554-3428-0000-000000000000</id>
        <type>PROCESSOR</type>
      </source>
      <zIndex>0</zIndex>
    </connections>
    <connections>
      <id>4577da7e-e698-3506-0000-000000000000</id>
      <parentGroupId>294606e9-b1ac-3caa-0000-000000000000</parentGroupId>
      <backPressureDataSizeThreshold>0 MB</backPressureDataSizeThreshold>
      <backPressureObjectThreshold>0</backPressureObjectThreshold>
      <destination>
        <groupId>294606e9-b1ac-3caa-0000-000000000000</groupId>
        <id>9373cb18-f8dc-3ce2-0000-000000000000</id>
        <type>PROCESSOR</type>
      </destination>
      <flowFileExpiration>0 sec</flowFileExpiration>
      <labelIndex>1</labelIndex>
      <name></name>
      <selectedRelationships>success</selectedRelationships>
      <source>
        <groupId>294606e9-b1ac-3caa-0000-000000000000</groupId>
        <id>3150dd7c-bc08-3380-0000-000000000000</id>
        <type>PROCESSOR</type>
      </source>
      <zIndex>0</zIndex>
    </connections>
    <connections>
      <id>5074ed48-b22f-33c4-0000-000000000000</id>
      <parentGroupId>294606e9-b1ac-3caa-0000-000000000000</parentGroupId>
      <backPressureDataSizeThreshold>0 MB</backPressureDataSizeThreshold>
      <backPressureObjectThreshold>0</backPressureObjectThreshold>
      <destination>
        <groupId>294606e9-b1ac-3caa-0000-000000000000</groupId>
        <id>bcffec8c-7554-3428-0000-000000000000</id>
        <type>PROCESSOR</type>
      </destination>
      <flowFileExpiration>0 sec</flowFileExpiration>
      <labelIndex>1</labelIndex>
      <name></name>
      <selectedRelationships>success</selectedRelationships>
      <source>
        <groupId>294606e9-b1ac-3caa-0000-000000000000</groupId>
        <id>cfe1b9d8-0c88-30de-0000-000000000000</id>
        <type>PROCESSOR</type>
      </source>
      <zIndex>0</zIndex>
    </connections>
    <connections>
      <id>5713c862-fd97-332d-0000-000000000000</id>
      <parentGroupId>294606e9-b1ac-3caa-0000-000000000000</parentGroupId>
      <backPressureDataSizeThreshold>0 MB</backPressureDataSizeThreshold>
      <backPressureObjectThreshold>0</backPressureObjectThreshold>
      <destination>
        <groupId>294606e9-b1ac-3caa-0000-000000000000</groupId>
        <id>49acdf42-d463-3a12-0000-000000000000</id>
        <type>PROCESSOR</type>
      </destination>
      <flowFileExpiration>0 sec</flowFileExpiration>
      <labelIndex>1</labelIndex>
      <name></name>
      <selectedRelationships>failure</selectedRelationships>
      <source>
        <groupId>294606e9-b1ac-3caa-0000-000000000000</groupId>
        <id>0c88e46d-9d8d-37b4-0000-000000000000</id>
        <type>PROCESSOR</type>
      </source>
      <zIndex>0</zIndex>
    </connections>
    <connections>
      <id>592b5e23-e51d-3841-0000-000000000000</id>
      <parentGroupId>294606e9-b1ac-3caa-0000-000000000000</parentGroupId>
      <backPressureDataSizeThreshold>0 MB</backPressureDataSizeThreshold>
      <backPressureObjectThreshold>0</backPressureObjectThreshold>
      <destination>
        <groupId>294606e9-b1ac-3caa-0000-000000000000</groupId>
        <id>32219a5e-3949-3565-0000-000000000000</id>
        <type>PROCESSOR</type>
      </destination>
      <flowFileExpiration>0 sec</flowFileExpiration>
      <labelIndex>1</labelIndex>
      <name></name>
      <selectedRelationships>content</selectedRelationships>
      <source>
        <groupId>294606e9-b1ac-3caa-0000-000000000000</groupId>
        <id>0c88e46d-9d8d-37b4-0000-000000000000</id>
        <type>PROCESSOR</type>
      </source>
      <zIndex>0</zIndex>
    </connections>
    <connections>
      <id>67c4aa6a-c0c9-3878-0000-000000000000</id>
      <parentGroupId>294606e9-b1ac-3caa-0000-000000000000</parentGroupId>
      <backPressureDataSizeThreshold>0 MB</backPressureDataSizeThreshold>
      <backPressureObjectThreshold>0</backPressureObjectThreshold>
      <destination>
        <groupId>294606e9-b1ac-3caa-0000-000000000000</groupId>
        <id>3150dd7c-bc08-3380-0000-000000000000</id>
        <type>PROCESSOR</type>
      </destination>
      <flowFileExpiration>0 sec</flowFileExpiration>
      <labelIndex>1</labelIndex>
      <name></name>
      <source>
        <groupId>294606e9-b1ac-3caa-0000-000000000000</groupId>
        <id>fff02af4-0468-32af-0000-000000000000</id>
        <type>INPUT_PORT</type>
      </source>
      <zIndex>0</zIndex>
    </connections>
    <connections>
      <id>714bb8c5-c9a0-3d51-0000-000000000000</id>
      <parentGroupId>294606e9-b1ac-3caa-0000-000000000000</parentGroupId>
      <backPressureDataSizeThreshold>1 GB</backPressureDataSizeThreshold>
      <backPressureObjectThreshold>10000</backPressureObjectThreshold>
      <destination>
        <groupId>294606e9-b1ac-3caa-0000-000000000000</groupId>
        <id>33a115df-87bb-31ce-0000-000000000000</id>
        <type>PROCESSOR</type>
      </destination>
      <flowFileExpiration>0 sec</flowFileExpiration>
      <labelIndex>1</labelIndex>
      <name></name>
      <selectedRelationships>success</selectedRelationships>
      <source>
        <groupId>294606e9-b1ac-3caa-0000-000000000000</groupId>
        <id>63982fb2-d699-3b1d-0000-000000000000</id>
        <type>PROCESSOR</type>
      </source>
      <zIndex>0</zIndex>
    </connections>
    <connections>
      <id>7b8d23c0-ac88-30b7-0000-000000000000</id>
      <parentGroupId>294606e9-b1ac-3caa-0000-000000000000</parentGroupId>
      <backPressureDataSizeThreshold>0 MB</backPressureDataSizeThreshold>
      <backPressureObjectThreshold>0</backPressureObjectThreshold>
      <destination>
        <groupId>294606e9-b1ac-3caa-0000-000000000000</groupId>
        <id>e11ae0fe-0eeb-3e6f-0000-000000000000</id>
        <type>PROCESSOR</type>
      </destination>
      <flowFileExpiration>0 sec</flowFileExpiration>
      <labelIndex>1</labelIndex>
      <name></name>
      <source>
        <groupId>294606e9-b1ac-3caa-0000-000000000000</groupId>
        <id>917c420b-4ffe-3a14-0000-000000000000</id>
        <type>INPUT_PORT</type>
      </source>
      <zIndex>0</zIndex>
    </connections>
    <connections>
      <id>7f969106-1e79-3c7d-0000-000000000000</id>
      <parentGroupId>294606e9-b1ac-3caa-0000-000000000000</parentGroupId>
      <backPressureDataSizeThreshold>0 MB</backPressureDataSizeThreshold>
      <backPressureObjectThreshold>0</backPressureObjectThreshold>
      <destination>
        <groupId>294606e9-b1ac-3caa-0000-000000000000</groupId>
        <id>2cf460f5-7319-30a6-0000-000000000000</id>
        <type>PROCESSOR</type>
      </destination>
      <flowFileExpiration>0 sec</flowFileExpiration>
      <labelIndex>1</labelIndex>
      <name></name>
      <selectedRelationships>failure</selectedRelationships>
      <selectedRelationships>success</selectedRelationships>
      <source>
        <groupId>294606e9-b1ac-3caa-0000-000000000000</groupId>
        <id>49acdf42-d463-3a12-0000-000000000000</id>
        <type>PROCESSOR</type>
      </source>
      <zIndex>0</zIndex>
    </connections>
    <controllerServices>
      <id>b9d5d80e-07f3-3fd8-0000-000000000000</id>
      <parentGroupId>294606e9-b1ac-3caa-0000-000000000000</parentGroupId>
      <bundle>
        <artifact>kylo-nifi-core-service-nar</artifact>
        <group>default</group>
        <version>unversioned</version>
      </bundle>
      <comments></comments>
      <descriptors>
        <entry>
          <key>Implementation</key>
          <value>
            <name>Implementation</name>
          </value>
        </entry>
        <entry>
          <key>rest-client-url</key>
          <value>
            <name>rest-client-url</name>
          </value>
        </entry>
        <entry>
          <key>client-username</key>
          <value>
            <name>client-username</name>
          </value>
        </entry>
        <entry>
          <key>client-password</key>
          <value>
            <name>client-password</name>
          </value>
        </entry>
        <entry>
          <key>SSL Context Service</key>
          <value>
            <identifiesControllerService>org.apache.nifi.ssl.SSLContextService</identifiesControllerService>
            <name>SSL Context Service</name>
          </value>
        </entry>
      </descriptors>
      <name>Kylo Metadata Service</name>
      <persistsState>false</persistsState>
      <properties>
        <entry>
          <key>Implementation</key>
          <value>REMOTE</value>
        </entry>
        <entry>
          <key>rest-client-url</key>
          <value>http://localhost:8400/proxy/v1/metadata</value>
        </entry>
        <entry>
          <key>client-username</key>
          <value>dladmin</value>
        </entry>
        <entry>
          <key>client-password</key>
        </entry>
        <entry>
          <key>SSL Context Service</key>
        </entry>
      </properties>
      <state>ENABLED</state>
      <type>com.thinkbiganalytics.nifi.v2.core.metadata.MetadataProviderSelectorService</type>
    </controllerServices>
    <controllerServices>
      <id>f94927e9-5dc5-3f52-0000-000000000000</id>
      <parentGroupId>294606e9-b1ac-3caa-0000-000000000000</parentGroupId>
      <bundle>
        <artifact>cassandra-service-nar</artifact>
        <group>default</group>
        <version>unversioned</version>
      </bundle>
      <comments></comments>
      <descriptors>
        <entry>
          <key>Contact Points</key>
          <value>
            <name>Contact Points</name>
          </value>
        </entry>
      </descriptors>
      <name>CassandraConnectionPool</name>
      <persistsState>false</persistsState>
      <properties>
        <entry>
          <key>Contact Points</key>
          <value>localhost</value>
        </entry>
      </properties>
      <state>ENABLED</state>
      <type>com.mmaioe.nifi.services.cassandra.CassandraConnectionPool</type>
    </controllerServices>
    <controllerServices>
      <id>40d5c945-8ef3-30f8-0000-000000000000</id>
      <parentGroupId>294606e9-b1ac-3caa-0000-000000000000</parentGroupId>
      <bundle>
        <artifact>kylo-nifi-hadoop-service-v1-nar</artifact>
        <group>default</group>
        <version>unversioned</version>
      </bundle>
      <comments></comments>
      <descriptors>
        <entry>
          <key>Database Connection URL</key>
          <value>
            <name>Database Connection URL</name>
          </value>
        </entry>
        <entry>
          <key>Database Driver Class Name</key>
          <value>
            <name>Database Driver Class Name</name>
          </value>
        </entry>
        <entry>
          <key>Database Driver Jar Url</key>
          <value>
            <name>Database Driver Jar Url</name>
          </value>
        </entry>
        <entry>
          <key>Database User</key>
          <value>
            <name>Database User</name>
          </value>
        </entry>
        <entry>
          <key>Password</key>
          <value>
            <name>Password</name>
          </value>
        </entry>
        <entry>
          <key>Validation Query</key>
          <value>
            <name>Validation Query</name>
          </value>
        </entry>
        <entry>
          <key>Validation Query Timeout</key>
          <value>
            <name>Validation Query Timeout</name>
          </value>
        </entry>
        <entry>
          <key>Max Wait Time</key>
          <value>
            <name>Max Wait Time</name>
          </value>
        </entry>
        <entry>
          <key>Max Total Connections</key>
          <value>
            <name>Max Total Connections</name>
          </value>
        </entry>
        <entry>
          <key>Hadoop Configuration Resources</key>
          <value>
            <name>Hadoop Configuration Resources</name>
          </value>
        </entry>
        <entry>
          <key>Kerberos Principal</key>
          <value>
            <name>Kerberos Principal</name>
          </value>
        </entry>
        <entry>
          <key>Kerberos Keytab</key>
          <value>
            <name>Kerberos Keytab</name>
          </value>
        </entry>
      </descriptors>
      <name>Hive Thrift Service</name>
      <persistsState>false</persistsState>
      <properties>
        <entry>
          <key>Database Connection URL</key>
          <value>jdbc:hive2://localhost:10000/default</value>
        </entry>
        <entry>
          <key>Database Driver Class Name</key>
          <value>org.apache.hive.jdbc.HiveDriver</value>
        </entry>
        <entry>
          <key>Database Driver Jar Url</key>
        </entry>
        <entry>
          <key>Database User</key>
          <value>nifi</value>
        </entry>
        <entry>
          <key>Password</key>
        </entry>
        <entry>
          <key>Validation Query</key>
          <value>show tables 'test'</value>
        </entry>
        <entry>
          <key>Validation Query Timeout</key>
          <value>10 s</value>
        </entry>
        <entry>
          <key>Max Wait Time</key>
          <value>500 millis</value>
        </entry>
        <entry>
          <key>Max Total Connections</key>
          <value>8</value>
        </entry>
        <entry>
          <key>Hadoop Configuration Resources</key>
        </entry>
        <entry>
          <key>Kerberos Principal</key>
        </entry>
        <entry>
          <key>Kerberos Keytab</key>
        </entry>
      </properties>
      <state>ENABLED</state>
      <type>com.thinkbiganalytics.nifi.v2.thrift.ThriftConnectionPool</type>
    </controllerServices>
    <inputPorts>
      <id>917c420b-4ffe-3a14-0000-000000000000</id>
      <parentGroupId>294606e9-b1ac-3caa-0000-000000000000</parentGroupId>
      <position>
        <x>631.5520395836757</x>
        <y>0.0</y>
      </position>
      <comments></comments>
      <concurrentlySchedulableTaskCount>1</concurrentlySchedulableTaskCount>
      <name>standard-ingest</name>
      <state>RUNNING</state>
      <type>INPUT_PORT</type>
    </inputPorts>
    <inputPorts>
      <id>fff02af4-0468-32af-0000-000000000000</id>
      <parentGroupId>294606e9-b1ac-3caa-0000-000000000000</parentGroupId>
      <position>
        <x>0.5675705222893157</x>
        <y>1771.5326686256858</y>
      </position>
      <comments></comments>
      <concurrentlySchedulableTaskCount>1</concurrentlySchedulableTaskCount>
      <name>standard-cleanup</name>
      <state>RUNNING</state>
      <type>INPUT_PORT</type>
    </inputPorts>
    <labels>
      <id>a608a15c-033b-351d-0000-000000000000</id>
      <parentGroupId>294606e9-b1ac-3caa-0000-000000000000</parentGroupId>
      <position>
        <x>2102.8930184446654</x>
        <y>782.3629451409392</y>
      </position>
      <height>489.62249755859375</height>
      <label>One-time registration</label>
      <style>
        <entry>
          <key>background-color</key>
          <value>#dbdbdb</value>
        </entry>
        <entry>
          <key>font-size</key>
          <value>18px</value>
        </entry>
      </style>
      <width>909.2796630859375</width>
    </labels>
    <labels>
      <id>2c8f0e09-d345-3dce-0000-000000000000</id>
      <parentGroupId>294606e9-b1ac-3caa-0000-000000000000</parentGroupId>
      <position>
        <x>372.197687850914</x>
        <y>1700.9087024538885</y>
      </position>
      <height>175.13433837890625</height>
      <label>Cleanup</label>
      <style>
        <entry>
          <key>background-color</key>
          <value>#dbdbdb</value>
        </entry>
        <entry>
          <key>font-size</key>
          <value>18px</value>
        </entry>
      </style>
      <width>1744.813720703125</width>
    </labels>
    <processors>
      <id>9373cb18-f8dc-3ce2-0000-000000000000</id>
      <parentGroupId>294606e9-b1ac-3caa-0000-000000000000</parentGroupId>
      <position>
        <x>1100.9466801295148</x>
        <y>1727.5589179910412</y>
      </position>
      <bundle>
        <artifact>kylo-nifi-core-v1-nar</artifact>
        <group>default</group>
        <version>unversioned</version>
      </bundle>
      <config>
        <bulletinLevel>WARN</bulletinLevel>
        <comments></comments>
        <concurrentlySchedulableTaskCount>1</concurrentlySchedulableTaskCount>
        <descriptors>
          <entry>
            <key>Database Connection Pooling Service</key>
            <value>
              <identifiesControllerService>com.thinkbiganalytics.nifi.v2.thrift.ThriftService</identifiesControllerService>
              <name>Database Connection Pooling Service</name>
            </value>
          </entry>
          <entry>
            <key>System feed category</key>
            <value>
              <name>System feed category</name>
            </value>
          </entry>
          <entry>
            <key>System feed name</key>
            <value>
              <name>System feed name</name>
            </value>
          </entry>
          <entry>
            <key>Table Type</key>
            <value>
              <name>Table Type</name>
            </value>
          </entry>
          <entry>
            <key>Additional Tables</key>
            <value>
              <name>Additional Tables</name>
            </value>
          </entry>
        </descriptors>
        <executionNode>ALL</executionNode>
        <lossTolerant>false</lossTolerant>
        <penaltyDuration>30 sec</penaltyDuration>
        <properties>
          <entry>
            <key>Database Connection Pooling Service</key>
            <value>40d5c945-8ef3-30f8-0000-000000000000</value>
          </entry>
          <entry>
            <key>System feed category</key>
            <value>${category}</value>
          </entry>
          <entry>
            <key>System feed name</key>
            <value>${feed}</value>
          </entry>
          <entry>
            <key>Table Type</key>
            <value>ALL</value>
          </entry>
          <entry>
            <key>Additional Tables</key>
          </entry>
        </properties>
        <runDurationMillis>0</runDurationMillis>
        <schedulingPeriod>0 sec</schedulingPeriod>
        <schedulingStrategy>TIMER_DRIVEN</schedulingStrategy>
        <yieldDuration>1 sec</yieldDuration>
      </config>
      <name>Drop Feed Tables</name>
      <relationships>
        <autoTerminate>true</autoTerminate>
        <name>failure</name>
      </relationships>
      <relationships>
        <autoTerminate>false</autoTerminate>
        <name>success</name>
      </relationships>
      <style>
        <entry>
          <key>background-color</key>
          <value>#ff9900</value>
        </entry>
      </style>
      <type>com.thinkbiganalytics.nifi.v2.ingest.DropFeedTables</type>
    </processors>
    <processors>
      <id>bcffec8c-7554-3428-0000-000000000000</id>
      <parentGroupId>294606e9-b1ac-3caa-0000-000000000000</parentGroupId>
      <position>
        <x>1493.0682236425855</x>
        <y>832.0872515627939</y>
      </position>
      <bundle>
        <artifact>kylo-nifi-core-v1-nar</artifact>
        <group>default</group>
        <version>unversioned</version>
      </bundle>
      <config>
        <bulletinLevel>WARN</bulletinLevel>
        <comments></comments>
        <concurrentlySchedulableTaskCount>1</concurrentlySchedulableTaskCount>
        <descriptors>
          <entry>
            <key>Metadata Service</key>
            <value>
              <identifiesControllerService>com.thinkbiganalytics.nifi.core.api.metadata.MetadataProviderService</identifiesControllerService>
              <name>Metadata Service</name>
            </value>
          </entry>
          <entry>
            <key>System feed category</key>
            <value>
              <name>System feed category</name>
            </value>
          </entry>
          <entry>
            <key>System feed name</key>
            <value>
              <name>System feed name</name>
            </value>
          </entry>
          <entry>
            <key>Initialization Failure Strategy</key>
            <value>
              <name>Initialization Failure Strategy</name>
            </value>
          </entry>
          <entry>
            <key>Initialization Retry Delay (seconds)</key>
            <value>
              <name>Initialization Retry Delay (seconds)</name>
            </value>
          </entry>
          <entry>
            <key>Max Initialization Attempts</key>
            <value>
              <name>Max Initialization Attempts</name>
            </value>
          </entry>
        </descriptors>
        <executionNode>ALL</executionNode>
        <lossTolerant>false</lossTolerant>
        <penaltyDuration>30 sec</penaltyDuration>
        <properties>
          <entry>
            <key>Metadata Service</key>
            <value>b9d5d80e-07f3-3fd8-0000-000000000000</value>
          </entry>
          <entry>
            <key>System feed category</key>
            <value>${category}</value>
          </entry>
          <entry>
            <key>System feed name</key>
            <value>${feed}</value>
          </entry>
          <entry>
            <key>Initialization Failure Strategy</key>
            <value>RETRY</value>
          </entry>
          <entry>
            <key>Initialization Retry Delay (seconds)</key>
            <value>15</value>
          </entry>
          <entry>
            <key>Max Initialization Attempts</key>
            <value>5</value>
          </entry>
        </properties>
        <runDurationMillis>0</runDurationMillis>
        <schedulingPeriod>1 sec</schedulingPeriod>
        <schedulingStrategy>TIMER_DRIVEN</schedulingStrategy>
        <yieldDuration>1 sec</yieldDuration>
      </config>
      <name>Initialize Feed?</name>
      <relationships>
        <autoTerminate>false</autoTerminate>
        <name>failure</name>
      </relationships>
      <relationships>
        <autoTerminate>false</autoTerminate>
        <name>Initialize</name>
      </relationships>
      <relationships>
        <autoTerminate>false</autoTerminate>
        <name>success</name>
      </relationships>
      <style>
        <entry>
          <key>background-color</key>
          <value>#11f237</value>
        </entry>
      </style>
      <type>com.thinkbiganalytics.nifi.v2.init.InitializeFeed</type>
    </processors>
    <processors>
      <id>cfe1b9d8-0c88-30de-0000-000000000000</id>
      <parentGroupId>294606e9-b1ac-3caa-0000-000000000000</parentGroupId>
      <position>
        <x>1493.0932082286672</x>
        <y>602.8165319266932</y>
      </position>
      <bundle>
        <artifact>nifi-update-attribute-nar</artifact>
        <group>org.apache.nifi</group>
        <version>1.3.0</version>
      </bundle>
      <config>
        <bulletinLevel>WARN</bulletinLevel>
        <comments></comments>
        <concurrentlySchedulableTaskCount>1</concurrentlySchedulableTaskCount>
        <descriptors>
          <entry>
            <key>Delete Attributes Expression</key>
            <value>
              <name>Delete Attributes Expression</name>
            </value>
          </entry>
          <entry>
            <key>Store State</key>
            <value>
              <name>Store State</name>
            </value>
          </entry>
          <entry>
            <key>Stateful Variables Initial Value</key>
            <value>
              <name>Stateful Variables Initial Value</name>
            </value>
          </entry>
          <entry>
            <key>feedts</key>
            <value>
              <name>feedts</name>
            </value>
          </entry>
        </descriptors>
        <executionNode>ALL</executionNode>
        <lossTolerant>false</lossTolerant>
        <penaltyDuration>30 sec</penaltyDuration>
        <properties>
          <entry>
            <key>Delete Attributes Expression</key>
          </entry>
          <entry>
            <key>Store State</key>
            <value>Do not store state</value>
          </entry>
          <entry>
            <key>Stateful Variables Initial Value</key>
          </entry>
          <entry>
            <key>feedts</key>
            <value>${now():toNumber()}</value>
          </entry>
        </properties>
        <runDurationMillis>0</runDurationMillis>
        <schedulingPeriod>0 sec</schedulingPeriod>
        <schedulingStrategy>TIMER_DRIVEN</schedulingStrategy>
        <yieldDuration>1 sec</yieldDuration>
      </config>
      <name>UpdateTimestamp</name>
      <relationships>
        <autoTerminate>false</autoTerminate>
        <name>success</name>
      </relationships>
      <style>
        <entry>
          <key>background-color</key>
          <value>#11f237</value>
        </entry>
      </style>
      <type>org.apache.nifi.processors.attributes.UpdateAttribute</type>
    </processors>
    <processors>
      <id>df24503c-0f38-36b6-0000-000000000000</id>
      <parentGroupId>294606e9-b1ac-3caa-0000-000000000000</parentGroupId>
      <position>
        <x>2611.451129003537</x>
        <y>1051.4407722162846</y>
      </position>
      <bundle>
        <artifact>kylo-nifi-core-v1-nar</artifact>
        <group>default</group>
        <version>unversioned</version>
      </bundle>
      <config>
        <bulletinLevel>WARN</bulletinLevel>
        <comments></comments>
        <concurrentlySchedulableTaskCount>1</concurrentlySchedulableTaskCount>
        <descriptors>
          <entry>
            <key>Metadata Service</key>
            <value>
              <identifiesControllerService>com.thinkbiganalytics.nifi.core.api.metadata.MetadataProviderService</identifiesControllerService>
              <name>Metadata Service</name>
            </value>
          </entry>
          <entry>
            <key>System feed category</key>
            <value>
              <name>System feed category</name>
            </value>
          </entry>
          <entry>
            <key>System feed name</key>
            <value>
              <name>System feed name</name>
            </value>
          </entry>
          <entry>
            <key>Initialization Result</key>
            <value>
              <name>Initialization Result</name>
            </value>
          </entry>
        </descriptors>
        <executionNode>ALL</executionNode>
        <lossTolerant>false</lossTolerant>
        <penaltyDuration>30 sec</penaltyDuration>
        <properties>
          <entry>
            <key>Metadata Service</key>
            <value>b9d5d80e-07f3-3fd8-0000-000000000000</value>
          </entry>
          <entry>
            <key>System feed category</key>
            <value>${category}</value>
          </entry>
          <entry>
            <key>System feed name</key>
            <value>${feed}</value>
          </entry>
          <entry>
            <key>Initialization Result</key>
            <value>FAILURE</value>
          </entry>
        </properties>
        <runDurationMillis>0</runDurationMillis>
        <schedulingPeriod>0 sec</schedulingPeriod>
        <schedulingStrategy>TIMER_DRIVEN</schedulingStrategy>
        <yieldDuration>1 sec</yieldDuration>
      </config>
      <name>Initialization Failure</name>
      <relationships>
        <autoTerminate>true</autoTerminate>
        <name>failure</name>
      </relationships>
      <relationships>
        <autoTerminate>true</autoTerminate>
        <name>success</name>
      </relationships>
      <style>
        <entry>
          <key>background-color</key>
          <value>#fa0303</value>
        </entry>
      </style>
      <type>com.thinkbiganalytics.nifi.v2.init.CompleteInitializeFeed</type>
    </processors>
    <processors>
      <id>e11ae0fe-0eeb-3e6f-0000-000000000000</id>
      <parentGroupId>294606e9-b1ac-3caa-0000-000000000000</parentGroupId>
      <position>
        <x>581.2297831975957</x>
        <y>120.69963789733265</y>
      </position>
      <bundle>
        <artifact>nifi-update-attribute-nar</artifact>
        <group>org.apache.nifi</group>
        <version>1.3.0</version>
      </bundle>
      <config>
        <bulletinLevel>WARN</bulletinLevel>
        <comments></comments>
        <concurrentlySchedulableTaskCount>1</concurrentlySchedulableTaskCount>
        <descriptors>
          <entry>
            <key>Delete Attributes Expression</key>
            <value>
              <name>Delete Attributes Expression</name>
            </value>
          </entry>
          <entry>
            <key>Store State</key>
            <value>
              <name>Store State</name>
            </value>
          </entry>
          <entry>
            <key>Stateful Variables Initial Value</key>
            <value>
              <name>Stateful Variables Initial Value</name>
            </value>
          </entry>
          <entry>
            <key>hdfs.ingest.root</key>
            <value>
              <name>hdfs.ingest.root</name>
            </value>
          </entry>
          <entry>
            <key>hive.ingest.root</key>
            <value>
              <name>hive.ingest.root</name>
            </value>
          </entry>
          <entry>
            <key>hive.master.root</key>
            <value>
              <name>hive.master.root</name>
            </value>
          </entry>
          <entry>
            <key>hive.profile.root</key>
            <value>
              <name>hive.profile.root</name>
            </value>
          </entry>
          <entry>
            <key>merge.correlation</key>
            <value>
              <name>merge.correlation</name>
            </value>
          </entry>
          <entry>
            <key>skipHeader</key>
            <value>
              <name>skipHeader</name>
            </value>
          </entry>
        </descriptors>
        <executionNode>ALL</executionNode>
        <lossTolerant>false</lossTolerant>
        <penaltyDuration>30 sec</penaltyDuration>
        <properties>
          <entry>
            <key>Delete Attributes Expression</key>
          </entry>
          <entry>
            <key>Store State</key>
            <value>Do not store state</value>
          </entry>
          <entry>
            <key>Stateful Variables Initial Value</key>
          </entry>
          <entry>
            <key>hdfs.ingest.root</key>
            <value>${hdfs.ingest.root:replaceEmpty('/etl')}</value>
          </entry>
          <entry>
            <key>hive.ingest.root</key>
            <value>${hive.ingest.root:replaceEmpty('/model.db')}</value>
          </entry>
          <entry>
            <key>hive.master.root</key>
            <value>${hive.master.root:replaceEmpty('/app/warehouse')}</value>
          </entry>
          <entry>
            <key>hive.profile.root</key>
            <value>${hive.profile.root:replaceEmpty('/model.db')}</value>
          </entry>
          <entry>
            <key>merge.correlation</key>
            <value>${category}.${feed}.correlation</value>
          </entry>
          <entry>
            <key>skipHeader</key>
            <value>${skipHeader:replaceEmpty('false')}</value>
          </entry>
        </properties>
        <runDurationMillis>0</runDurationMillis>
        <schedulingPeriod>0 sec</schedulingPeriod>
        <schedulingStrategy>TIMER_DRIVEN</schedulingStrategy>
        <yieldDuration>1 sec</yieldDuration>
      </config>
      <name>Set Feed Defaults</name>
      <relationships>
        <autoTerminate>false</autoTerminate>
        <name>success</name>
      </relationships>
      <style>
        <entry>
          <key>background-color</key>
          <value>#11f237</value>
        </entry>
      </style>
      <type>org.apache.nifi.processors.attributes.UpdateAttribute</type>
    </processors>
    <processors>
      <id>ec8437d8-65a4-36f2-0000-000000000000</id>
      <parentGroupId>294606e9-b1ac-3caa-0000-000000000000</parentGroupId>
      <position>
        <x>1490.0355434417725</x>
        <y>1291.533065283074</y>
      </position>
      <bundle>
        <artifact>nifi-scripting-nar</artifact>
        <group>org.apache.nifi</group>
        <version>1.3.0</version>
      </bundle>
      <config>
        <bulletinLevel>WARN</bulletinLevel>
        <comments></comments>
        <concurrentlySchedulableTaskCount>1</concurrentlySchedulableTaskCount>
        <descriptors>
          <entry>
            <key>Script Engine</key>
            <value>
              <name>Script Engine</name>
            </value>
          </entry>
          <entry>
            <key>Script File</key>
            <value>
              <name>Script File</name>
            </value>
          </entry>
          <entry>
            <key>Script Body</key>
            <value>
              <name>Script Body</name>
            </value>
          </entry>
          <entry>
            <key>Module Directory</key>
            <value>
              <name>Module Directory</name>
            </value>
          </entry>
        </descriptors>
        <executionNode>ALL</executionNode>
        <lossTolerant>false</lossTolerant>
        <penaltyDuration>30 sec</penaltyDuration>
        <properties>
          <entry>
            <key>Script Engine</key>
            <value>Groovy</value>
          </entry>
          <entry>
            <key>Script File</key>
          </entry>
          <entry>
            <key>Script Body</key>
            <value>def flowFile = session.get()
              if(!flowFile) return
              def structureJSON = flowFile.getAttribute("metadata.table.feedFieldStructure");

              def json = flowFile.getAttribute("metadata.table.fieldPoliciesJson");
              def inputFolder = flowFile.getAttribute("spark.input_folder")
              def feed = flowFile.getAttribute("feed")
              def category = flowFile.getAttribute("category")
              def feedts = flowFile.getAttribute("feedts")
              def folder = new File(inputFolder + "/"+category+"/"+feed+"/"+feedts)
              // If it doesn't exist
              if( !folder.exists() ) {
              // Create all folders
              folder.mkdirs()
              }
              def jsonFile = new File(folder,feed+"_field_policy.json")
              jsonFile.write(json)

              def structureJsonFile = new File(folder, feed+"_field_structure.json")
              structureJsonFile.write(structureJSON);

              flowFile = session.putAttribute(flowFile,"table_field_structure_json_file",structureJsonFile.getCanonicalPath())
              flowFile = session.putAttribute(flowFile,"table_field_policy_json_file",jsonFile.getCanonicalPath())

              session.transfer(flowFile, REL_SUCCESS)</value>
          </entry>
          <entry>
            <key>Module Directory</key>
          </entry>
        </properties>
        <runDurationMillis>0</runDurationMillis>
        <schedulingPeriod>0 sec</schedulingPeriod>
        <schedulingStrategy>TIMER_DRIVEN</schedulingStrategy>
        <yieldDuration>1 sec</yieldDuration>
      </config>
      <name>Fetch field policies</name>
      <relationships>
        <autoTerminate>false</autoTerminate>
        <name>failure</name>
      </relationships>
      <relationships>
        <autoTerminate>false</autoTerminate>
        <name>success</name>
      </relationships>
      <style>
        <entry>
          <key>background-color</key>
          <value>#11f237</value>
        </entry>
      </style>
      <type>org.apache.nifi.processors.script.ExecuteScript</type>
    </processors>
    <processors>
      <id>effeebe3-53ec-3026-0000-000000000000</id>
      <parentGroupId>294606e9-b1ac-3caa-0000-000000000000</parentGroupId>
      <position>
        <x>1491.2832040761878</x>
        <y>1050.7666706054727</y>
      </position>
      <bundle>
        <artifact>nifi-standard-nar</artifact>
        <group>org.apache.nifi</group>
        <version>1.3.0</version>
      </bundle>
      <config>
        <bulletinLevel>WARN</bulletinLevel>
        <comments></comments>
        <concurrentlySchedulableTaskCount>1</concurrentlySchedulableTaskCount>
        <descriptors>
          <entry>
            <key>Directory</key>
            <value>
              <name>Directory</name>
            </value>
          </entry>
          <entry>
            <key>Conflict Resolution Strategy</key>
            <value>
              <name>Conflict Resolution Strategy</name>
            </value>
          </entry>
          <entry>
            <key>Create Missing Directories</key>
            <value>
              <name>Create Missing Directories</name>
            </value>
          </entry>
          <entry>
            <key>Maximum File Count</key>
            <value>
              <name>Maximum File Count</name>
            </value>
          </entry>
          <entry>
            <key>Last Modified Time</key>
            <value>
              <name>Last Modified Time</name>
            </value>
          </entry>
          <entry>
            <key>Permissions</key>
            <value>
              <name>Permissions</name>
            </value>
          </entry>
          <entry>
            <key>Owner</key>
            <value>
              <name>Owner</name>
            </value>
          </entry>
          <entry>
            <key>Group</key>
            <value>
              <name>Group</name>
            </value>
          </entry>
        </descriptors>
        <executionNode>ALL</executionNode>
        <lossTolerant>false</lossTolerant>
        <penaltyDuration>30 sec</penaltyDuration>
        <properties>
          <entry>
            <key>Directory</key>
            <value>${spark.input_folder}/${category}/${feed}/${feedts}/</value>
          </entry>
          <entry>
            <key>Conflict Resolution Strategy</key>
            <value>fail</value>
          </entry>
          <entry>
            <key>Create Missing Directories</key>
            <value>true</value>
          </entry>
          <entry>
            <key>Maximum File Count</key>
          </entry>
          <entry>
            <key>Last Modified Time</key>
          </entry>
          <entry>
            <key>Permissions</key>
          </entry>
          <entry>
            <key>Owner</key>
          </entry>
          <entry>
            <key>Group</key>
          </entry>
        </properties>
        <runDurationMillis>0</runDurationMillis>
        <schedulingPeriod>0 sec</schedulingPeriod>
        <schedulingStrategy>TIMER_DRIVEN</schedulingStrategy>
        <yieldDuration>1 sec</yieldDuration>
      </config>
      <name>PutFile</name>
      <relationships>
        <autoTerminate>false</autoTerminate>
        <name>failure</name>
      </relationships>
      <relationships>
        <autoTerminate>false</autoTerminate>
        <name>success</name>
      </relationships>
      <style></style>
      <type>org.apache.nifi.processors.standard.PutFile</type>
    </processors>
    <processors>
      <id>fc6ea7dc-806b-3c91-0000-000000000000</id>
      <parentGroupId>294606e9-b1ac-3caa-0000-000000000000</parentGroupId>
      <position>
        <x>1732.6715132380027</x>
        <y>1726.0158276123302</y>
      </position>
      <bundle>
        <artifact>kylo-nifi-hadoop-v1-nar</artifact>
        <group>default</group>
        <version>unversioned</version>
      </bundle>
      <config>
        <bulletinLevel>WARN</bulletinLevel>
        <comments></comments>
        <concurrentlySchedulableTaskCount>1</concurrentlySchedulableTaskCount>
        <descriptors>
          <entry>
            <key>Hadoop Configuration Resources</key>
            <value>
              <name>Hadoop Configuration Resources</name>
            </value>
          </entry>
          <entry>
            <key>Kerberos Principal</key>
            <value>
              <name>Kerberos Principal</name>
            </value>
          </entry>
          <entry>
            <key>Kerberos Keytab</key>
            <value>
              <name>Kerberos Keytab</name>
            </value>
          </entry>
          <entry>
            <key>Kerberos Relogin Period</key>
            <value>
              <name>Kerberos Relogin Period</name>
            </value>
          </entry>
          <entry>
            <key>Directory</key>
            <value>
              <name>Directory</name>
            </value>
          </entry>
        </descriptors>
        <executionNode>ALL</executionNode>
        <lossTolerant>false</lossTolerant>
        <penaltyDuration>30 sec</penaltyDuration>
        <properties>
          <entry>
            <key>Hadoop Configuration Resources</key>
            <value></value>
          </entry>
          <entry>
            <key>Kerberos Principal</key>
          </entry>
          <entry>
            <key>Kerberos Keytab</key>
          </entry>
          <entry>
            <key>Kerberos Relogin Period</key>
            <value>4 hours</value>
          </entry>
          <entry>
            <key>Directory</key>
            <value>${hive.ingest.root}/${category}/${feed}/
              ${hive.master.root}/${category}/${feed}/
              ${hive.profile.root}/${category}/${feed}/
              ${hfds.ingest.root}/${category}/${feed}/</value>
          </entry>
        </properties>
        <runDurationMillis>0</runDurationMillis>
        <schedulingPeriod>0 sec</schedulingPeriod>
        <schedulingStrategy>TIMER_DRIVEN</schedulingStrategy>
        <yieldDuration>1 sec</yieldDuration>
      </config>
      <name>Remove HDFS Folders</name>
      <relationships>
        <autoTerminate>true</autoTerminate>
        <name>failure</name>
      </relationships>
      <relationships>
        <autoTerminate>true</autoTerminate>
        <name>success</name>
      </relationships>
      <style>
        <entry>
          <key>background-color</key>
          <value>#ff9900</value>
        </entry>
      </style>
      <type>com.thinkbiganalytics.nifi.v2.hdfs.RemoveHDFSFolder</type>
    </processors>
    <processors>
      <id>0c88e46d-9d8d-37b4-0000-000000000000</id>
      <parentGroupId>294606e9-b1ac-3caa-0000-000000000000</parentGroupId>
      <position>
        <x>578.8721198521453</x>
        <y>348.11557063256805</y>
      </position>
      <bundle>
        <artifact>kylo-nifi-core-v1-nar</artifact>
        <group>default</group>
        <version>unversioned</version>
      </bundle>
      <config>
        <bulletinLevel>WARN</bulletinLevel>
        <comments></comments>
        <concurrentlySchedulableTaskCount>1</concurrentlySchedulableTaskCount>
        <descriptors>
          <entry>
            <key>Enable processing</key>
            <value>
              <name>Enable processing</name>
            </value>
          </entry>
          <entry>
            <key>Header Line Count</key>
            <value>
              <name>Header Line Count</name>
            </value>
          </entry>
        </descriptors>
        <executionNode>ALL</executionNode>
        <lossTolerant>false</lossTolerant>
        <penaltyDuration>30 sec</penaltyDuration>
        <properties>
          <entry>
            <key>Enable processing</key>
            <value>${skipHeader}</value>
          </entry>
          <entry>
            <key>Header Line Count</key>
            <value>1</value>
          </entry>
        </properties>
        <runDurationMillis>0</runDurationMillis>
        <schedulingPeriod>0 sec</schedulingPeriod>
        <schedulingStrategy>TIMER_DRIVEN</schedulingStrategy>
        <yieldDuration>1 sec</yieldDuration>
      </config>
      <name>Strip Header</name>
      <relationships>
        <autoTerminate>false</autoTerminate>
        <name>content</name>
      </relationships>
      <relationships>
        <autoTerminate>false</autoTerminate>
        <name>failure</name>
      </relationships>
      <relationships>
        <autoTerminate>true</autoTerminate>
        <name>header</name>
      </relationships>
      <relationships>
        <autoTerminate>true</autoTerminate>
        <name>original</name>
      </relationships>
      <style>
        <entry>
          <key>background-color</key>
          <value>#11f237</value>
        </entry>
      </style>
      <type>com.thinkbiganalytics.nifi.v2.ingest.StripHeader</type>
    </processors>
    <processors>
      <id>2cf460f5-7319-30a6-0000-000000000000</id>
      <parentGroupId>294606e9-b1ac-3caa-0000-000000000000</parentGroupId>
      <position>
        <x>0.0</x>
        <y>1291.8688708616278</y>
      </position>
      <bundle>
        <artifact>nifi-standard-nar</artifact>
        <group>org.apache.nifi</group>
        <version>1.3.0</version>
      </bundle>
      <config>
        <bulletinLevel>WARN</bulletinLevel>
        <comments></comments>
        <concurrentlySchedulableTaskCount>10</concurrentlySchedulableTaskCount>
        <descriptors>
          <entry>
            <key>Directory</key>
            <value>
              <name>Directory</name>
            </value>
          </entry>
          <entry>
            <key>Conflict Resolution Strategy</key>
            <value>
              <name>Conflict Resolution Strategy</name>
            </value>
          </entry>
          <entry>
            <key>Create Missing Directories</key>
            <value>
              <name>Create Missing Directories</name>
            </value>
          </entry>
          <entry>
            <key>Maximum File Count</key>
            <value>
              <name>Maximum File Count</name>
            </value>
          </entry>
          <entry>
            <key>Last Modified Time</key>
            <value>
              <name>Last Modified Time</name>
            </value>
          </entry>
          <entry>
            <key>Permissions</key>
            <value>
              <name>Permissions</name>
            </value>
          </entry>
          <entry>
            <key>Owner</key>
            <value>
              <name>Owner</name>
            </value>
          </entry>
          <entry>
            <key>Group</key>
            <value>
              <name>Group</name>
            </value>
          </entry>
        </descriptors>
        <executionNode>ALL</executionNode>
        <lossTolerant>false</lossTolerant>
        <penaltyDuration>30 sec</penaltyDuration>
        <properties>
          <entry>
            <key>Directory</key>
            <value>${kylo.tmp.baseFolder:replaceEmpty('/tmp/kylo-nifi')}/failed-flows/${category}/${feed}/${feedts}</value>
          </entry>
          <entry>
            <key>Conflict Resolution Strategy</key>
            <value>ignore</value>
          </entry>
          <entry>
            <key>Create Missing Directories</key>
            <value>true</value>
          </entry>
          <entry>
            <key>Maximum File Count</key>
          </entry>
          <entry>
            <key>Last Modified Time</key>
          </entry>
          <entry>
            <key>Permissions</key>
          </entry>
          <entry>
            <key>Owner</key>
          </entry>
          <entry>
            <key>Group</key>
          </entry>
        </properties>
        <runDurationMillis>0</runDurationMillis>
        <schedulingPeriod>0 sec</schedulingPeriod>
        <schedulingStrategy>TIMER_DRIVEN</schedulingStrategy>
        <yieldDuration>1 sec</yieldDuration>
      </config>
      <name>Failed Flow</name>
      <relationships>
        <autoTerminate>true</autoTerminate>
        <name>failure</name>
      </relationships>
      <relationships>
        <autoTerminate>true</autoTerminate>
        <name>success</name>
      </relationships>
      <style>
        <entry>
          <key>background-color</key>
          <value>#fa0303</value>
        </entry>
      </style>
      <type>org.apache.nifi.processors.standard.PutFile</type>
    </processors>
    <processors>
      <id>3150dd7c-bc08-3380-0000-000000000000</id>
      <parentGroupId>294606e9-b1ac-3caa-0000-000000000000</parentGroupId>
      <position>
        <x>470.27566748326717</x>
        <y>1731.0006914634678</y>
      </position>
      <bundle>
        <artifact>nifi-update-attribute-nar</artifact>
        <group>org.apache.nifi</group>
        <version>1.3.0</version>
      </bundle>
      <config>
        <bulletinLevel>WARN</bulletinLevel>
        <comments></comments>
        <concurrentlySchedulableTaskCount>1</concurrentlySchedulableTaskCount>
        <descriptors>
          <entry>
            <key>Delete Attributes Expression</key>
            <value>
              <name>Delete Attributes Expression</name>
            </value>
          </entry>
          <entry>
            <key>Store State</key>
            <value>
              <name>Store State</name>
            </value>
          </entry>
          <entry>
            <key>Stateful Variables Initial Value</key>
            <value>
              <name>Stateful Variables Initial Value</name>
            </value>
          </entry>
          <entry>
            <key>hdfs.ingest.root</key>
            <value>
              <name>hdfs.ingest.root</name>
            </value>
          </entry>
          <entry>
            <key>hive.ingest.root</key>
            <value>
              <name>hive.ingest.root</name>
            </value>
          </entry>
          <entry>
            <key>hive.master.root</key>
            <value>
              <name>hive.master.root</name>
            </value>
          </entry>
          <entry>
            <key>hive.profile.root</key>
            <value>
              <name>hive.profile.root</name>
            </value>
          </entry>
        </descriptors>
        <executionNode>ALL</executionNode>
        <lossTolerant>false</lossTolerant>
        <penaltyDuration>30 sec</penaltyDuration>
        <properties>
          <entry>
            <key>Delete Attributes Expression</key>
          </entry>
          <entry>
            <key>Store State</key>
            <value>Do not store state</value>
          </entry>
          <entry>
            <key>Stateful Variables Initial Value</key>
          </entry>
          <entry>
            <key>hdfs.ingest.root</key>
            <value>${hdfs.ingest.root:replaceEmpty('/etl')}</value>
          </entry>
          <entry>
            <key>hive.ingest.root</key>
            <value>${hive.ingest.root:replaceEmpty('/model.db')}</value>
          </entry>
          <entry>
            <key>hive.master.root</key>
            <value>${hive.master.root:replaceEmpty('/app/warehouse')}</value>
          </entry>
          <entry>
            <key>hive.profile.root</key>
            <value>${hive.profile.root:replaceEmpty('/model.db')}</value>
          </entry>
        </properties>
        <runDurationMillis>0</runDurationMillis>
        <schedulingPeriod>0 sec</schedulingPeriod>
        <schedulingStrategy>TIMER_DRIVEN</schedulingStrategy>
        <yieldDuration>1 sec</yieldDuration>
      </config>
      <name>Set Cleanup Defaults</name>
      <relationships>
        <autoTerminate>false</autoTerminate>
        <name>success</name>
      </relationships>
      <style></style>
      <type>org.apache.nifi.processors.attributes.UpdateAttribute</type>
    </processors>
    <processors>
      <id>32219a5e-3949-3565-0000-000000000000</id>
      <parentGroupId>294606e9-b1ac-3caa-0000-000000000000</parentGroupId>
      <position>
        <x>1156.1485808812795</x>
        <y>355.49775167422376</y>
      </position>
      <bundle>
        <artifact>nifi-standard-nar</artifact>
        <group>org.apache.nifi</group>
        <version>1.3.0</version>
      </bundle>
      <config>
        <bulletinLevel>WARN</bulletinLevel>
        <comments></comments>
        <concurrentlySchedulableTaskCount>1</concurrentlySchedulableTaskCount>
        <descriptors>
          <entry>
            <key>Merge Strategy</key>
            <value>
              <name>Merge Strategy</name>
            </value>
          </entry>
          <entry>
            <key>Merge Format</key>
            <value>
              <name>Merge Format</name>
            </value>
          </entry>
          <entry>
            <key>Attribute Strategy</key>
            <value>
              <name>Attribute Strategy</name>
            </value>
          </entry>
          <entry>
            <key>Correlation Attribute Name</key>
            <value>
              <name>Correlation Attribute Name</name>
            </value>
          </entry>
          <entry>
            <key>Minimum Number of Entries</key>
            <value>
              <name>Minimum Number of Entries</name>
            </value>
          </entry>
          <entry>
            <key>Maximum Number of Entries</key>
            <value>
              <name>Maximum Number of Entries</name>
            </value>
          </entry>
          <entry>
            <key>Minimum Group Size</key>
            <value>
              <name>Minimum Group Size</name>
            </value>
          </entry>
          <entry>
            <key>Maximum Group Size</key>
            <value>
              <name>Maximum Group Size</name>
            </value>
          </entry>
          <entry>
            <key>Max Bin Age</key>
            <value>
              <name>Max Bin Age</name>
            </value>
          </entry>
          <entry>
            <key>Maximum number of Bins</key>
            <value>
              <name>Maximum number of Bins</name>
            </value>
          </entry>
          <entry>
            <key>Delimiter Strategy</key>
            <value>
              <name>Delimiter Strategy</name>
            </value>
          </entry>
          <entry>
            <key>Header File</key>
            <value>
              <name>Header File</name>
            </value>
          </entry>
          <entry>
            <key>Footer File</key>
            <value>
              <name>Footer File</name>
            </value>
          </entry>
          <entry>
            <key>Demarcator File</key>
            <value>
              <name>Demarcator File</name>
            </value>
          </entry>
          <entry>
            <key>Compression Level</key>
            <value>
              <name>Compression Level</name>
            </value>
          </entry>
          <entry>
            <key>Keep Path</key>
            <value>
              <name>Keep Path</name>
            </value>
          </entry>
        </descriptors>
        <executionNode>ALL</executionNode>
        <lossTolerant>false</lossTolerant>
        <penaltyDuration>30 sec</penaltyDuration>
        <properties>
          <entry>
            <key>Merge Strategy</key>
            <value>Bin-Packing Algorithm</value>
          </entry>
          <entry>
            <key>Merge Format</key>
            <value>Binary Concatenation</value>
          </entry>
          <entry>
            <key>Attribute Strategy</key>
            <value>Keep Only Common Attributes</value>
          </entry>
          <entry>
            <key>Correlation Attribute Name</key>
            <value>merge.correlation</value>
          </entry>
          <entry>
            <key>Minimum Number of Entries</key>
            <value>1</value>
          </entry>
          <entry>
            <key>Maximum Number of Entries</key>
            <value>1000</value>
          </entry>
          <entry>
            <key>Minimum Group Size</key>
            <value>0 B</value>
          </entry>
          <entry>
            <key>Maximum Group Size</key>
          </entry>
          <entry>
            <key>Max Bin Age</key>
            <value>10s</value>
          </entry>
          <entry>
            <key>Maximum number of Bins</key>
            <value>100</value>
          </entry>
          <entry>
            <key>Delimiter Strategy</key>
            <value>Text</value>
          </entry>
          <entry>
            <key>Header File</key>
          </entry>
          <entry>
            <key>Footer File</key>
          </entry>
          <entry>
            <key>Demarcator File</key>
          </entry>
          <entry>
            <key>Compression Level</key>
            <value>1</value>
          </entry>
          <entry>
            <key>Keep Path</key>
            <value>false</value>
          </entry>
        </properties>
        <runDurationMillis>0</runDurationMillis>
        <schedulingPeriod>0 sec</schedulingPeriod>
        <schedulingStrategy>TIMER_DRIVEN</schedulingStrategy>
        <yieldDuration>1 sec</yieldDuration>
      </config>
      <name>Merge Content</name>
      <relationships>
        <autoTerminate>false</autoTerminate>
        <name>failure</name>
      </relationships>
      <relationships>
        <autoTerminate>false</autoTerminate>
        <name>merged</name>
      </relationships>
      <relationships>
        <autoTerminate>true</autoTerminate>
        <name>original</name>
      </relationships>
      <style>
        <entry>
          <key>background-color</key>
          <value>#11f237</value>
        </entry>
      </style>
      <type>org.apache.nifi.processors.standard.MergeContent</type>
    </processors>
    <processors>
      <id>33a115df-87bb-31ce-0000-000000000000</id>
      <parentGroupId>294606e9-b1ac-3caa-0000-000000000000</parentGroupId>
      <position>
        <x>0.5189939533593133</x>
        <y>1508.2732063184608</y>
      </position>
      <bundle>
        <artifact>kylo-nifi-core-v1-nar</artifact>
        <group>default</group>
        <version>unversioned</version>
      </bundle>
      <config>
        <bulletinLevel>WARN</bulletinLevel>
        <comments></comments>
        <concurrentlySchedulableTaskCount>1</concurrentlySchedulableTaskCount>
        <descriptors>
          <entry>
            <key>Metadata Service</key>
            <value>
              <identifiesControllerService>com.thinkbiganalytics.nifi.core.api.metadata.MetadataProviderService</identifiesControllerService>
              <name>Metadata Service</name>
            </value>
          </entry>
          <entry>
            <key>System feed category</key>
            <value>
              <name>System feed category</name>
            </value>
          </entry>
          <entry>
            <key>System feed name</key>
            <value>
              <name>System feed name</name>
            </value>
          </entry>
          <entry>
            <key>High-Water Mark</key>
            <value>
              <name>High-Water Mark</name>
            </value>
          </entry>
          <entry>
            <key>High-Water Mark Value Property Name</key>
            <value>
              <name>High-Water Mark Value Property Name</name>
            </value>
          </entry>
          <entry>
            <key>Mode</key>
            <value>
              <name>Mode</name>
            </value>
          </entry>
          <entry>
            <key>Release All</key>
            <value>
              <name>Release All</name>
            </value>
          </entry>
        </descriptors>
        <executionNode>ALL</executionNode>
        <lossTolerant>false</lossTolerant>
        <penaltyDuration>30 sec</penaltyDuration>
        <properties>
          <entry>
            <key>Metadata Service</key>
            <value>b9d5d80e-07f3-3fd8-0000-000000000000</value>
          </entry>
          <entry>
            <key>System feed category</key>
            <value>${category}</value>
          </entry>
          <entry>
            <key>System feed name</key>
            <value>${feed}</value>
          </entry>
          <entry>
            <key>High-Water Mark</key>
            <value>highWaterMark</value>
          </entry>
          <entry>
            <key>High-Water Mark Value Property Name</key>
            <value>water.mark</value>
          </entry>
          <entry>
            <key>Mode</key>
            <value>COMMIT</value>
          </entry>
          <entry>
            <key>Release All</key>
            <value>true</value>
          </entry>
        </properties>
        <runDurationMillis>0</runDurationMillis>
        <schedulingPeriod>0 sec</schedulingPeriod>
        <schedulingStrategy>TIMER_DRIVEN</schedulingStrategy>
        <yieldDuration>1 sec</yieldDuration>
      </config>
      <name>Commit Highwater Mark</name>
      <relationships>
        <autoTerminate>false</autoTerminate>
        <name>failure</name>
      </relationships>
      <relationships>
        <autoTerminate>true</autoTerminate>
        <name>success</name>
      </relationships>
      <style>
        <entry>
          <key>background-color</key>
          <value>#48f513</value>
        </entry>
      </style>
      <type>com.thinkbiganalytics.nifi.v2.core.watermark.ReleaseHighWaterMark</type>
    </processors>
    <processors>
      <id>49acdf42-d463-3a12-0000-000000000000</id>
      <parentGroupId>294606e9-b1ac-3caa-0000-000000000000</parentGroupId>
      <position>
        <x>581.7416299022143</x>
        <y>1295.1838162908075</y>
      </position>
      <bundle>
        <artifact>kylo-nifi-core-v1-nar</artifact>
        <group>default</group>
        <version>unversioned</version>
      </bundle>
      <config>
        <bulletinLevel>WARN</bulletinLevel>
        <comments></comments>
        <concurrentlySchedulableTaskCount>1</concurrentlySchedulableTaskCount>
        <descriptors>
          <entry>
            <key>Metadata Service</key>
            <value>
              <identifiesControllerService>com.thinkbiganalytics.nifi.core.api.metadata.MetadataProviderService</identifiesControllerService>
              <name>Metadata Service</name>
            </value>
          </entry>
          <entry>
            <key>System feed category</key>
            <value>
              <name>System feed category</name>
            </value>
          </entry>
          <entry>
            <key>System feed name</key>
            <value>
              <name>System feed name</name>
            </value>
          </entry>
          <entry>
            <key>High-Water Mark</key>
            <value>
              <name>High-Water Mark</name>
            </value>
          </entry>
          <entry>
            <key>High-Water Mark Value Property Name</key>
            <value>
              <name>High-Water Mark Value Property Name</name>
            </value>
          </entry>
          <entry>
            <key>Mode</key>
            <value>
              <name>Mode</name>
            </value>
          </entry>
          <entry>
            <key>Release All</key>
            <value>
              <name>Release All</name>
            </value>
          </entry>
        </descriptors>
        <executionNode>ALL</executionNode>
        <lossTolerant>false</lossTolerant>
        <penaltyDuration>30 sec</penaltyDuration>
        <properties>
          <entry>
            <key>Metadata Service</key>
            <value>b9d5d80e-07f3-3fd8-0000-000000000000</value>
          </entry>
          <entry>
            <key>System feed category</key>
            <value>${category}</value>
          </entry>
          <entry>
            <key>System feed name</key>
            <value>${feed}</value>
          </entry>
          <entry>
            <key>High-Water Mark</key>
            <value>highWaterMark</value>
          </entry>
          <entry>
            <key>High-Water Mark Value Property Name</key>
            <value>water.mark</value>
          </entry>
          <entry>
            <key>Mode</key>
            <value>REJECT</value>
          </entry>
          <entry>
            <key>Release All</key>
            <value>true</value>
          </entry>
        </properties>
        <runDurationMillis>0</runDurationMillis>
        <schedulingPeriod>0 sec</schedulingPeriod>
        <schedulingStrategy>TIMER_DRIVEN</schedulingStrategy>
        <yieldDuration>1 sec</yieldDuration>
      </config>
      <name>Failed - Release Highwater Mark</name>
      <relationships>
        <autoTerminate>false</autoTerminate>
        <name>failure</name>
      </relationships>
      <relationships>
        <autoTerminate>false</autoTerminate>
        <name>success</name>
      </relationships>
      <style></style>
      <type>com.thinkbiganalytics.nifi.v2.core.watermark.ReleaseHighWaterMark</type>
    </processors>
    <processors>
      <id>4ba99096-db75-3cd1-0000-000000000000</id>
      <parentGroupId>294606e9-b1ac-3caa-0000-000000000000</parentGroupId>
      <position>
        <x>2153.9052960865065</x>
        <y>1051.3252123899415</y>
      </position>
      <bundle>
        <artifact>kylo-nifi-core-v1-nar</artifact>
        <group>default</group>
        <version>unversioned</version>
      </bundle>
      <config>
        <bulletinLevel>WARN</bulletinLevel>
        <comments></comments>
        <concurrentlySchedulableTaskCount>1</concurrentlySchedulableTaskCount>
        <descriptors>
          <entry>
            <key>Metadata Service</key>
            <value>
              <identifiesControllerService>com.thinkbiganalytics.nifi.core.api.metadata.MetadataProviderService</identifiesControllerService>
              <name>Metadata Service</name>
            </value>
          </entry>
          <entry>
            <key>System feed category</key>
            <value>
              <name>System feed category</name>
            </value>
          </entry>
          <entry>
            <key>System feed name</key>
            <value>
              <name>System feed name</name>
            </value>
          </entry>
          <entry>
            <key>Initialization Result</key>
            <value>
              <name>Initialization Result</name>
            </value>
          </entry>
        </descriptors>
        <executionNode>ALL</executionNode>
        <lossTolerant>false</lossTolerant>
        <penaltyDuration>30 sec</penaltyDuration>
        <properties>
          <entry>
            <key>Metadata Service</key>
            <value>b9d5d80e-07f3-3fd8-0000-000000000000</value>
          </entry>
          <entry>
            <key>System feed category</key>
            <value>${category}</value>
          </entry>
          <entry>
            <key>System feed name</key>
            <value>${feed}</value>
          </entry>
          <entry>
            <key>Initialization Result</key>
            <value>SUCCESSFUL</value>
          </entry>
        </properties>
        <runDurationMillis>0</runDurationMillis>
        <schedulingPeriod>0 sec</schedulingPeriod>
        <schedulingStrategy>TIMER_DRIVEN</schedulingStrategy>
        <yieldDuration>1 sec</yieldDuration>
      </config>
      <name>Record Initialization</name>
      <relationships>
        <autoTerminate>true</autoTerminate>
        <name>failure</name>
      </relationships>
      <relationships>
        <autoTerminate>true</autoTerminate>
        <name>success</name>
      </relationships>
      <style>
        <entry>
          <key>background-color</key>
          <value>#da05ff</value>
        </entry>
      </style>
      <type>com.thinkbiganalytics.nifi.v2.init.CompleteInitializeFeed</type>
    </processors>
    <processors>
      <id>63982fb2-d699-3b1d-0000-000000000000</id>
      <parentGroupId>294606e9-b1ac-3caa-0000-000000000000</parentGroupId>
      <position>
        <x>1489.0011609393603</x>
        <y>1508.973266324599</y>
      </position>
      <bundle>
        <artifact>nifi-scripting-nar</artifact>
        <group>org.apache.nifi</group>
        <version>1.3.0</version>
      </bundle>
      <config>
        <bulletinLevel>WARN</bulletinLevel>
        <comments></comments>
        <concurrentlySchedulableTaskCount>1</concurrentlySchedulableTaskCount>
        <descriptors>
          <entry>
            <key>Script Engine</key>
            <value>
              <name>Script Engine</name>
            </value>
          </entry>
          <entry>
            <key>Script File</key>
            <value>
              <name>Script File</name>
            </value>
          </entry>
          <entry>
            <key>Script Body</key>
            <value>
              <name>Script Body</name>
            </value>
          </entry>
          <entry>
            <key>Module Directory</key>
            <value>
              <name>Module Directory</name>
            </value>
          </entry>
        </descriptors>
        <executionNode>ALL</executionNode>
        <lossTolerant>false</lossTolerant>
        <penaltyDuration>30 sec</penaltyDuration>
        <properties>
          <entry>
            <key>Script Engine</key>
            <value>Groovy</value>
          </entry>
          <entry>
            <key>Script File</key>
          </entry>
          <entry>
            <key>Script Body</key>
            <value>
              log.info("Start to say hello")

              def flowFile = session.get()
              if(!flowFile) return

              def spark_input_folder = flowFile.getAttribute("spark.input_folder")
              def filename = flowFile.getAttribute("filename")
              def feed = flowFile.getAttribute("feed")
              def category = flowFile.getAttribute("category")
              def feedts = flowFile.getAttribute("feedts")
              def table_field_structure_json_file = flowFile.getAttribute("table_field_structure_json_file")
              def table_field_policy_json_file = flowFile.getAttribute("table_field_policy_json_file")

              log.info("${filename}")
              log.info("${category}")
              log.info("${table_field_policy_json_file}")
              log.info("spark-submit --master local --class com.mmaioe.spark.datavalidator.cassandra.Validator --name CassandraTest /Users/mi186020/OSS/kylo-integrations-cassandra/spark/spark-validate-cleanse/spark-validate-cleanse-app/target/kylo-cassandra-spark-validate-cleanse-app-0.8.2.1-SNAPSHOT-jar-with-dependencies.jar ${category} ${feed} ${feedts} ${table_field_policy_json_file} ${table_field_structure_json_file} ${spark_input_folder}/${category}/${feed}/${feedts}/${filename}")

              def sout = new StringBuilder(), serr = new StringBuilder()
              def proc = "spark-submit --master local --class com.mmaioe.spark.datavalidator.cassandra.Validator --name CassandraTest /Users/mi186020/OSS/kylo-integrations-cassandra/spark/spark-validate-cleanse/spark-validate-cleanse-app/target/kylo-cassandra-spark-validate-cleanse-app-0.8.2.1-SNAPSHOT-jar-with-dependencies.jar ${category} ${feed} ${feedts} ${table_field_policy_json_file} ${table_field_structure_json_file} ${spark_input_folder}/${category}/${feed}/${feedts}/${filename}".execute()
              proc.consumeProcessOutput(sout, serr)
              proc.waitForOrKill(100000)
              log.info("out&gt; $sout err&gt; $serr")

              session.transfer(flowFile, REL_SUCCESS)</value>
          </entry>
          <entry>
            <key>Module Directory</key>
          </entry>
        </properties>
        <runDurationMillis>0</runDurationMillis>
        <schedulingPeriod>0 sec</schedulingPeriod>
        <schedulingStrategy>TIMER_DRIVEN</schedulingStrategy>
        <yieldDuration>1 sec</yieldDuration>
      </config>
      <name>ExecuteScript</name>
      <relationships>
        <autoTerminate>false</autoTerminate>
        <name>failure</name>
      </relationships>
      <relationships>
        <autoTerminate>false</autoTerminate>
        <name>success</name>
      </relationships>
      <style></style>
      <type>org.apache.nifi.processors.script.ExecuteScript</type>
    </processors>
    <processors>
      <id>69a23f7f-a11f-3d11-0000-000000000000</id>
      <parentGroupId>294606e9-b1ac-3caa-0000-000000000000</parentGroupId>
      <position>
        <x>2155.140535221828</x>
        <y>829.907805932593</y>
      </position>
      <bundle>
        <artifact>standard-ingestion-nar</artifact>
        <group>default</group>
        <version>unversioned</version>
      </bundle>
      <config>
        <bulletinLevel>WARN</bulletinLevel>
        <comments></comments>
        <concurrentlySchedulableTaskCount>1</concurrentlySchedulableTaskCount>
        <descriptors>
          <entry>
            <key>Cassandra Connection Pooling Service</key>
            <value>
              <identifiesControllerService>com.mmaioe.nifi.services.cassandra.CassandraService</identifiesControllerService>
              <name>Cassandra Connection Pooling Service</name>
            </value>
          </entry>
          <entry>
            <key>System feed category</key>
            <value>
              <name>System feed category</name>
            </value>
          </entry>
          <entry>
            <key>System feed name</key>
            <value>
              <name>System feed name</name>
            </value>
          </entry>
          <entry>
            <key>Feed Field specification</key>
            <value>
              <name>Feed Field specification</name>
            </value>
          </entry>
          <entry>
            <key>statement after WITH OPTION of Cassandra</key>
            <value>
              <name>statement after WITH OPTION of Cassandra</name>
            </value>
          </entry>
        </descriptors>
        <executionNode>ALL</executionNode>
        <lossTolerant>false</lossTolerant>
        <penaltyDuration>30 sec</penaltyDuration>
        <properties>
          <entry>
            <key>Cassandra Connection Pooling Service</key>
            <value>f94927e9-5dc5-3f52-0000-000000000000</value>
          </entry>
          <entry>
            <key>System feed category</key>
            <value>${category}</value>
          </entry>
          <entry>
            <key>System feed name</key>
            <value>${feed}</value>
          </entry>
          <entry>
            <key>Feed Field specification</key>
            <value>${metadata.table.feedFieldStructure}</value>
          </entry>
          <entry>
            <key>statement after WITH OPTION of Cassandra</key>
            <value>replication = {'class':'SimpleStrategy', 'replication_factor' : 1}</value>
          </entry>
        </properties>
        <runDurationMillis>0</runDurationMillis>
        <schedulingPeriod>0 sec</schedulingPeriod>
        <schedulingStrategy>TIMER_DRIVEN</schedulingStrategy>
        <yieldDuration>1 sec</yieldDuration>
      </config>
      <name>RegisterFeedTables</name>
      <relationships>
        <autoTerminate>false</autoTerminate>
        <name>failure</name>
      </relationships>
      <relationships>
        <autoTerminate>false</autoTerminate>
        <name>success</name>
      </relationships>
      <style></style>
      <type>com.mmaioe.nifi.processors.ingest.RegisterFeedTables</type>
    </processors>
  </snippet>
  <timestamp>07/12/2017 15:13:30 UTC</timestamp>
</template>